{
  "bin_ms": 5.0,
  "smooth_ms": 25.0,
  "t_ms": [
    12.5,
    17.5,
    22.5,
    27.5,
    32.5,
    37.5,
    42.5,
    47.5,
    52.5,
    57.5,
    62.5,
    67.5,
    72.5,
    77.5,
    82.5,
    87.5,
    92.5,
    97.5,
    102.5,
    107.5,
    112.5,
    117.5,
    122.5,
    127.5,
    132.5,
    137.5,
    142.5,
    147.5,
    152.5,
    157.5,
    162.5,
    167.5,
    172.5,
    177.5,
    182.5,
    187.5,
    192.5,
    197.5,
    202.5,
    207.5,
    212.5,
    217.5,
    222.5,
    227.5,
    232.5,
    237.5,
    242.5,
    247.5,
    252.5,
    257.5,
    262.5,
    267.5,
    272.5,
    277.5,
    282.5,
    287.5,
    292.5,
    297.5,
    302.5,
    307.5,
    312.5,
    317.5,
    322.5,
    327.5,
    332.5,
    337.5,
    342.5,
    347.5,
    352.5,
    357.5,
    362.5,
    367.5,
    372.5,
    377.5,
    382.5,
    387.5,
    392.5,
    397.5,
    402.5,
    407.5,
    412.5,
    417.5,
    422.5,
    427.5,
    432.5,
    437.5,
    442.5,
    447.5,
    452.5,
    457.5,
    462.5,
    467.5,
    472.5,
    477.5,
    482.5,
    487.5,
    492.5,
    497.5,
    502.5,
    507.5,
    512.5,
    517.5,
    522.5,
    527.5,
    532.5,
    537.5,
    542.5,
    547.5,
    552.5,
    557.5,
    562.5,
    567.5,
    572.5,
    577.5,
    582.5,
    587.5,
    592.5,
    597.5,
    602.5,
    607.5,
    612.5,
    617.5,
    622.5,
    627.5,
    632.5,
    637.5,
    642.5,
    647.5,
    652.5,
    657.5,
    662.5,
    667.5,
    672.5,
    677.5,
    682.5,
    687.5,
    692.5,
    697.5,
    702.5,
    707.5,
    712.5,
    717.5,
    722.5,
    727.5,
    732.5,
    737.5,
    742.5,
    747.5,
    752.5,
    757.5,
    762.5,
    767.5,
    772.5,
    777.5,
    782.5,
    787.5,
    792.5,
    797.5,
    802.5,
    807.5,
    812.5,
    817.5,
    822.5,
    827.5,
    832.5,
    837.5,
    842.5,
    847.5,
    852.5,
    857.5,
    862.5,
    867.5,
    872.5,
    877.5,
    882.5,
    887.5,
    892.5,
    897.5,
    902.5,
    907.5,
    912.5,
    917.5,
    922.5,
    927.5,
    932.5,
    937.5,
    942.5,
    947.5,
    952.5,
    957.5,
    962.5,
    967.5,
    972.5,
    977.5,
    982.5,
    987.5
  ],
  "rate_hz": [
    0.0,
    0.0,
    0.0,
    0.0,
    0.4,
    0.4,
    0.4,
    0.4,
    0.8,
    0.8,
    0.8,
    1.2000000000000002,
    1.2000000000000002,
    1.6,
    1.6,
    1.6,
    1.2000000000000002,
    1.2000000000000002,
    1.2000000000000002,
    0.8,
    0.8,
    0.8,
    0.8,
    0.0,
    0.0,
    0.0,
    0.0,
    0.0,
    0.0,
    0.0,
    0.0,
    0.0,
    0.0,
    0.0,
    0.0,
    0.4,
    0.4,
    0.8,
    0.8,
    0.8,
    0.8,
    0.8,
    0.4,
    0.8,
    0.8,
    0.8,
    0.8,
    0.8,
    0.4,
    0.4,
    0.0,
    0.0,
    0.8,
    1.2000000000000002,
    1.2000000000000002,
    1.2000000000000002,
    1.2000000000000002,
    0.8,
    0.4,
    0.4,
    0.4,
    0.4,
    0.0,
    0.0,
    0.0,
    0.0,
    0.0,
    0.0,
    0.0,
    0.0,
    0.0,
    0.0,
    0.4,
    0.8,
    0.8,
    0.8,
    1.6,
    2.4000000000000004,
    2.4,
    3.6,
    5.6,
    8.0,
    10.0,
    14.8,
    17.200000000000003,
    20.400000000000002,
    22.8,
    22.400000000000002,
    21.6,
    19.6,
    16.8,
    14.400000000000002,
    13.200000000000001,
    10.8,
    14.8,
    15.200000000000003,
    13.600000000000001,
    14.0,
    16.0,
    12.4,
    12.8,
    12.0,
    13.2,
    11.2,
    11.2,
    12.0,
    12.399999999999999,
    11.2,
    12.399999999999999,
    11.200000000000001,
    8.0,
    7.2,
    6.0,
    4.8,
    5.2,
    7.6000000000000005,
    8.4,
    9.200000000000001,
    8.8,
    11.6,
    11.600000000000001,
    11.200000000000001,
    10.8,
    10.0,
    7.6,
    4.800000000000001,
    5.2,
    5.2,
    6.4,
    4.800000000000001,
    6.0,
    7.200000000000001,
    6.8,
    7.2,
    8.4,
    7.6000000000000005,
    6.800000000000001,
    7.6,
    6.800000000000001,
    6.0,
    6.400000000000001,
    5.200000000000001,
    5.2,
    4.4,
    5.2,
    6.800000000000001,
    7.2,
    6.4,
    6.8,
    6.000000000000001,
    4.800000000000001,
    5.6,
    6.000000000000001,
    6.4,
    6.4,
    6.4,
    6.000000000000001,
    5.200000000000001,
    4.4,
    5.2,
    4.000000000000001,
    4.0,
    3.6,
    2.8000000000000003,
    2.4000000000000004,
    2.4,
    1.6,
    1.6,
    1.6,
    1.2000000000000002,
    1.6,
    1.2000000000000002,
    1.2000000000000002,
    1.2000000000000002,
    0.8,
    0.0,
    0.0,
    0.4,
    0.8,
    0.8,
    0.8,
    0.8,
    0.4,
    0.0,
    0.0,
    0.0,
    0.0,
    0.0,
    0.4,
    0.4,
    0.4,
    0.4,
    0.4,
    0.8,
    0.8,
    0.8
  ]
}