{
  "groups": {
    "soma": {
      "n": 1,
      "min_um": 0.0,
      "max_um": 0.0,
      "mean_um": 0.0,
      "std_um": 0.0
    },
    "proximal": {
      "n": 46,
      "min_um": 22.167985237665114,
      "max_um": 97.28296308155923,
      "mean_um": 61.054438532335645,
      "std_um": 21.63626011589444
    },
    "distal": {
      "n": 41,
      "min_um": 101.19433269871897,
      "max_um": 213.4979467790976,
      "mean_um": 144.4094606049209,
      "std_um": 27.694150262065893
    },
    "all_dend": {
      "n": 97,
      "min_um": 2.6394192966561905,
      "max_um": 213.4979467790976,
      "mean_um": 91.14948891302988,
      "std_um": 53.248455855133294
    }
  },
  "meta": {
    "origin": {
      "sec_name": "soma[0]",
      "x": 0.5,
      "kind": "soma"
    },
    "thresholds_um": {
      "proximal": {
        "low": 20.0,
        "high": 100.0
      },
      "distal": {
        "low": 100.0,
        "high": null
      }
    },
    "counts": {
      "soma_secs": 1,
      "dend_secs": 41,
      "apic_secs": 0,
      "axon_secs": 2,
      "all_secs": 44,
      "soma_segs": 1,
      "proximal_segs": 46,
      "distal_segs": 41,
      "all_dend_segs": 97
    }
  },
  "radial_bands": {
    "band_0_50": 26,
    "band_50_150": 56,
    "band_150p": 15
  }
}