{
  "groups": {
    "pn_exc": {
      "n_syn": 50,
      "weight_mean": 1.5661875876294327,
      "weight_std": 0.44861132337272897,
      "weight_min": 0.6062955811219578,
      "weight_max": 3.0079393778057457,
      "distance_mean": 72.98771482604417,
      "distance_std": 49.79112831639491,
      "distance_min": 4.043398045202776,
      "distance_max": 186.4596605095481,
      "section_counts": {
        "dend[29]": 5,
        "dend[1]": 3,
        "dend[36]": 1,
        "dend[10]": 4,
        "dend[4]": 1,
        "dend[15]": 1,
        "dend[16]": 3,
        "dend[32]": 4,
        "dend[21]": 1,
        "dend[23]": 3,
        "dend[40]": 1,
        "dend[17]": 1,
        "dend[3]": 1,
        "dend[37]": 2,
        "dend[14]": 2,
        "dend[22]": 2,
        "dend[13]": 1,
        "dend[7]": 3,
        "dend[0]": 1,
        "dend[26]": 2,
        "dend[34]": 1,
        "dend[38]": 2,
        "dend[19]": 2,
        "dend[12]": 1,
        "dend[24]": 1,
        "dend[20]": 1
      },
      "placement_counts": {
        "proximal": 25,
        "soma": 9,
        "distal": 16
      },
      "spikes_per_syn_mean": 4.14,
      "spikes_per_syn_std": 1.9391750823481617,
      "spikes_per_syn_min": 0.0,
      "spikes_per_syn_max": 10.0,
      "rate_hz_mean": 3.6000000000000005,
      "rate_hz_std": 1.6862392020418802
    },
    "bg_exc": {
      "n_syn": 4484,
      "weight_mean": 1.4942992661775591,
      "weight_std": 0.509860320687975,
      "weight_min": 0.35662499308192547,
      "weight_max": 6.916889216305872,
      "distance_mean": 74.98801151202773,
      "distance_std": 47.10509746570274,
      "distance_min": 2.6394192966561905,
      "distance_max": 213.4979467790976,
      "section_counts": {
        "dend[35]": 73,
        "dend[23]": 236,
        "dend[1]": 61,
        "dend[37]": 374,
        "dend[31]": 13,
        "dend[16]": 157,
        "dend[34]": 67,
        "dend[29]": 282,
        "dend[10]": 177,
        "dend[30]": 89,
        "dend[38]": 122,
        "dend[7]": 92,
        "dend[18]": 84,
        "dend[11]": 81,
        "dend[6]": 147,
        "dend[5]": 47,
        "dend[19]": 103,
        "dend[36]": 92,
        "dend[40]": 159,
        "dend[12]": 124,
        "dend[21]": 106,
        "dend[39]": 175,
        "dend[15]": 151,
        "dend[22]": 201,
        "dend[4]": 71,
        "dend[14]": 161,
        "dend[17]": 82,
        "dend[13]": 110,
        "dend[2]": 87,
        "dend[20]": 95,
        "dend[9]": 8,
        "dend[3]": 62,
        "dend[25]": 88,
        "dend[24]": 61,
        "dend[33]": 40,
        "dend[28]": 42,
        "dend[32]": 162,
        "dend[26]": 70,
        "dend[8]": 70,
        "dend[0]": 35,
        "dend[27]": 27
      },
      "placement_counts": {
        "soma": 576,
        "proximal": 2687,
        "distal": 1221
      },
      "spikes_per_syn_mean": 0.013826940231935772,
      "spikes_per_syn_std": 0.12053139265719588,
      "spikes_per_syn_min": 0.0,
      "spikes_per_syn_max": 2.0,
      "rate_hz_mean": 0.012023426288639803,
      "rate_hz_std": 0.10480990665843119
    },
    "bg_inh": {
      "n_syn": 1088,
      "weight_mean": 1.487545509548704,
      "weight_std": 0.47786153855940333,
      "weight_min": 0.5135543170075579,
      "weight_max": 3.850678620159019,
      "distance_mean": 78.7518386339972,
      "distance_std": 48.831059964706704,
      "distance_min": 2.6394192966561905,
      "distance_max": 213.4979467790976,
      "section_counts": {
        "dend[29]": 60,
        "dend[39]": 47,
        "dend[38]": 46,
        "dend[18]": 19,
        "dend[23]": 44,
        "dend[37]": 100,
        "dend[30]": 16,
        "dend[27]": 11,
        "dend[5]": 9,
        "dend[22]": 59,
        "dend[16]": 54,
        "dend[21]": 33,
        "dend[15]": 37,
        "dend[8]": 28,
        "dend[17]": 20,
        "dend[7]": 21,
        "dend[20]": 22,
        "dend[6]": 34,
        "dend[12]": 31,
        "dend[31]": 4,
        "dend[24]": 17,
        "dend[35]": 17,
        "dend[33]": 12,
        "dend[14]": 29,
        "dend[19]": 25,
        "dend[2]": 25,
        "dend[40]": 34,
        "dend[32]": 38,
        "dend[25]": 18,
        "dend[34]": 17,
        "dend[10]": 40,
        "dend[3]": 7,
        "dend[11]": 12,
        "dend[36]": 7,
        "dend[1]": 12,
        "dend[13]": 31,
        "dend[4]": 15,
        "dend[0]": 12,
        "dend[9]": 6,
        "dend[26]": 11,
        "dend[28]": 8
      },
      "placement_counts": {
        "proximal": 617,
        "distal": 335,
        "soma": 136
      },
      "spikes_per_syn_mean": 1.146139705882353,
      "spikes_per_syn_std": 1.086245806008245,
      "spikes_per_syn_min": 0.0,
      "spikes_per_syn_max": 6.0,
      "rate_hz_mean": 0.9966432225063938,
      "rate_hz_std": 0.9445615704419522
    }
  },
  "total_n_syn": 5622
}